"","X5"
"1",1.79769313486232e+308
"2",1.79769313486232e+308
"3",1.79769313486232e+308
"4",1.79769313486232e+308
"5",1.79769313486232e+308
"6",1.79769313486232e+308
"7",1.79769313486232e+308
"8",1.79769313486232e+308
"9",1.79769313486232e+308
"10",1.79769313486232e+308
"11",1.79769313486232e+308
"12",1.79769313486232e+308
"13",1.79769313486232e+308
"14",1.79769313486232e+308
"15",1.79769313486232e+308
"16",1.79769313486232e+308
"17",1.79769313486232e+308
"18",1.79769313486232e+308
"19",1.79769313486232e+308
"20",1.79769313486232e+308
"21",1.79769313486232e+308
"22",1.79769313486232e+308
"23",1.79769313486232e+308
"24",1.79769313486232e+308
"25",1.79769313486232e+308
"26",1.79769313486232e+308
"27",1.79769313486232e+308
"28",1.79769313486232e+308
"29",1.79769313486232e+308
"30",1.79769313486232e+308
"31",1.79769313486232e+308
"32",1.79769313486232e+308
"33",1.79769313486232e+308
"34",1.79769313486232e+308
"35",1.79769313486232e+308
"36",1.79769313486232e+308
"37",1.79769313486232e+308
"38",1.79769313486232e+308
"39",1.79769313486232e+308
"40",1.79769313486232e+308
"41",1.79769313486232e+308
"42",1.79769313486232e+308
"43",1.79769313486232e+308
"44",1.79769313486232e+308
"45",1.79769313486232e+308
"46",1.79769313486232e+308
"47",1.79769313486232e+308
"48",1.79769313486232e+308
"49",1.79769313486232e+308
"50",1.79769313486232e+308
"51",1.79769313486232e+308
"52",1.79769313486232e+308
"53",1.79769313486232e+308
"54",1.79769313486232e+308
"55",1.79769313486232e+308
"56",1.79769313486232e+308
"57",1.79769313486232e+308
"58",1.79769313486232e+308
"59",4103.17392258311
"60",1.79769313486232e+308
"61",1.79769313486232e+308
"62",1.79769313486232e+308
"63",1.79769313486232e+308
"64",1.79769313486232e+308
"65",1.79769313486232e+308
"66",1.79769313486232e+308
"67",1.79769313486232e+308
"68",1.79769313486232e+308
"69",1.79769313486232e+308
"70",1.79769313486232e+308
"71",1.79769313486232e+308
"72",1.79769313486232e+308
"73",1.79769313486232e+308
"74",1.79769313486232e+308
"75",1.79769313486232e+308
"76",1.79769313486232e+308
"77",1.79769313486232e+308
"78",1.79769313486232e+308
"79",1.79769313486232e+308
"80",1.79769313486232e+308
"81",1.79769313486232e+308
"82",1.79769313486232e+308
"83",1.79769313486232e+308
"84",1.79769313486232e+308
"85",1.79769313486232e+308
"86",1.79769313486232e+308
"87",1.79769313486232e+308
"88",1.79769313486232e+308
"89",1.79769313486232e+308
"90",1.79769313486232e+308
"91",1.79769313486232e+308
"92",1.79769313486232e+308
"93",1.79769313486232e+308
"94",1.79769313486232e+308
"95",1.79769313486232e+308
"96",1.79769313486232e+308
"97",1.79769313486232e+308
"98",1.79769313486232e+308
"99",1.79769313486232e+308
"100",1.79769313486232e+308
"101",1.79769313486232e+308
"102",1.79769313486232e+308
"103",1.79769313486232e+308
"104",1.79769313486232e+308
"105",1.79769313486232e+308
"106",1.79769313486232e+308
"107",1.79769313486232e+308
"108",1.79769313486232e+308
"109",1.79769313486232e+308
"110",1.79769313486232e+308
"111",1.79769313486232e+308
"112",1.79769313486232e+308
"113",1.79769313486232e+308
"114",1.79769313486232e+308
"115",1.79769313486232e+308
"116",1.79769313486232e+308
"117",1.79769313486232e+308
"118",1.79769313486232e+308
"119",1.79769313486232e+308
"120",1.79769313486232e+308
"121",1.79769313486232e+308
"122",1.79769313486232e+308
"123",1.79769313486232e+308
"124",1.79769313486232e+308
"125",1.79769313486232e+308
"126",1.79769313486232e+308
"127",1.79769313486232e+308
"128",1.79769313486232e+308
"129",1.79769313486232e+308
"130",1.79769313486232e+308
"131",1.79769313486232e+308
"132",1.79769313486232e+308
"133",1.79769313486232e+308
"134",1.79769313486232e+308
"135",1.79769313486232e+308
"136",1.79769313486232e+308
"137",1.79769313486232e+308
"138",1.79769313486232e+308
"139",1.79769313486232e+308
"140",1.79769313486232e+308
"141",1.79769313486232e+308
"142",1.79769313486232e+308
"143",1.79769313486232e+308
"144",1.79769313486232e+308
"145",1.79769313486232e+308
"146",1.79769313486232e+308
"147",1.79769313486232e+308
"148",1.79769313486232e+308
"149",1.79769313486232e+308
"150",1.79769313486232e+308
"151",1.79769313486232e+308
"152",1.79769313486232e+308
"153",1.79769313486232e+308
"154",1.79769313486232e+308
"155",1.79769313486232e+308
"156",1.79769313486232e+308
"157",1.79769313486232e+308
"158",1.79769313486232e+308
"159",1.79769313486232e+308
"160",1.79769313486232e+308
"161",1.79769313486232e+308
"162",1.79769313486232e+308
"163",1.79769313486232e+308
"164",1.79769313486232e+308
"165",1.79769313486232e+308
"166",1.79769313486232e+308
"167",1.79769313486232e+308
"168",1.79769313486232e+308
"169",1.79769313486232e+308
"170",1.79769313486232e+308
"171",1.79769313486232e+308
"172",1.79769313486232e+308
"173",1.79769313486232e+308
"174",1.79769313486232e+308
"175",1.79769313486232e+308
"176",1.79769313486232e+308
"177",1.79769313486232e+308
"178",1.79769313486232e+308
"179",1.79769313486232e+308
"180",1.79769313486232e+308
"181",1.79769313486232e+308
"182",1.79769313486232e+308
"183",1.79769313486232e+308
"184",1.79769313486232e+308
"185",1.79769313486232e+308
"186",1.79769313486232e+308
"187",1.79769313486232e+308
"188",1.79769313486232e+308
"189",1.79769313486232e+308
"190",1.79769313486232e+308
"191",1.79769313486232e+308
"192",1.79769313486232e+308
"193",1.79769313486232e+308
"194",1.79769313486232e+308
"195",1.79769313486232e+308
"196",1.79769313486232e+308
"197",1.79769313486232e+308
"198",1.79769313486232e+308
"199",1.79769313486232e+308
"200",1.79769313486232e+308
"201",1.79769313486232e+308
"202",1.79769313486232e+308
"203",1.79769313486232e+308
"204",1.79769313486232e+308
"205",1.79769313486232e+308
"206",1.79769313486232e+308
"207",1.79769313486232e+308
"208",1.79769313486232e+308
"209",1.79769313486232e+308
"210",4147.29593593364
"211",1.79769313486232e+308
"212",1.79769313486232e+308
"213",1.79769313486232e+308
"214",1.79769313486232e+308
"215",4130.04620228008
"216",1.79769313486232e+308
"217",1.79769313486232e+308
"218",1.79769313486232e+308
"219",1.79769313486232e+308
"220",1.79769313486232e+308
"221",1.79769313486232e+308
"222",1.79769313486232e+308
"223",1.79769313486232e+308
"224",1.79769313486232e+308
"225",1.79769313486232e+308
"226",1.79769313486232e+308
"227",1.79769313486232e+308
"228",1.79769313486232e+308
"229",1.79769313486232e+308
"230",4068.99724691513
"231",1.79769313486232e+308
"232",1.79769313486232e+308
"233",1.79769313486232e+308
"234",1.79769313486232e+308
"235",1.79769313486232e+308
"236",1.79769313486232e+308
"237",1.79769313486232e+308
"238",1.79769313486232e+308
"239",1.79769313486232e+308
"240",1.79769313486232e+308
"241",1.79769313486232e+308
"242",1.79769313486232e+308
"243",1.79769313486232e+308
"244",1.79769313486232e+308
"245",1.79769313486232e+308
"246",1.79769313486232e+308
"247",1.79769313486232e+308
"248",1.79769313486232e+308
"249",1.79769313486232e+308
"250",4202.94038734785
"251",1.79769313486232e+308
"252",1.79769313486232e+308
"253",1.79769313486232e+308
"254",1.79769313486232e+308
"255",1.79769313486232e+308
"256",1.79769313486232e+308
"257",1.79769313486232e+308
"258",1.79769313486232e+308
"259",1.79769313486232e+308
"260",1.79769313486232e+308
"261",1.79769313486232e+308
"262",1.79769313486232e+308
"263",1.79769313486232e+308
"264",1.79769313486232e+308
"265",1.79769313486232e+308
"266",1.79769313486232e+308
"267",1.79769313486232e+308
"268",1.79769313486232e+308
"269",1.79769313486232e+308
"270",1.79769313486232e+308
"271",1.79769313486232e+308
"272",1.79769313486232e+308
"273",1.79769313486232e+308
"274",1.79769313486232e+308
"275",1.79769313486232e+308
"276",1.79769313486232e+308
"277",1.79769313486232e+308
"278",1.79769313486232e+308
"279",1.79769313486232e+308
"280",1.79769313486232e+308
"281",1.79769313486232e+308
"282",1.79769313486232e+308
"283",1.79769313486232e+308
"284",1.79769313486232e+308
"285",1.79769313486232e+308
"286",4074.72924398218
"287",1.79769313486232e+308
"288",1.79769313486232e+308
"289",1.79769313486232e+308
"290",1.79769313486232e+308
"291",1.79769313486232e+308
"292",1.79769313486232e+308
"293",1.79769313486232e+308
"294",1.79769313486232e+308
"295",1.79769313486232e+308
"296",1.79769313486232e+308
"297",1.79769313486232e+308
"298",1.79769313486232e+308
"299",1.79769313486232e+308
"300",1.79769313486232e+308
"301",1.79769313486232e+308
"302",1.79769313486232e+308
"303",1.79769313486232e+308
"304",1.79769313486232e+308
"305",1.79769313486232e+308
"306",1.79769313486232e+308
"307",1.79769313486232e+308
"308",1.79769313486232e+308
"309",1.79769313486232e+308
"310",1.79769313486232e+308
"311",1.79769313486232e+308
"312",1.79769313486232e+308
"313",1.79769313486232e+308
"314",1.79769313486232e+308
"315",1.79769313486232e+308
"316",1.79769313486232e+308
"317",1.79769313486232e+308
"318",1.79769313486232e+308
"319",1.79769313486232e+308
"320",1.79769313486232e+308
"321",1.79769313486232e+308
"322",1.79769313486232e+308
"323",1.79769313486232e+308
"324",1.79769313486232e+308
"325",1.79769313486232e+308
"326",1.79769313486232e+308
"327",1.79769313486232e+308
"328",1.79769313486232e+308
"329",1.79769313486232e+308
"330",1.79769313486232e+308
"331",1.79769313486232e+308
"332",1.79769313486232e+308
"333",1.79769313486232e+308
"334",4077.76909848729
"335",1.79769313486232e+308
"336",1.79769313486232e+308
"337",1.79769313486232e+308
"338",1.79769313486232e+308
"339",1.79769313486232e+308
"340",1.79769313486232e+308
"341",1.79769313486232e+308
"342",1.79769313486232e+308
"343",1.79769313486232e+308
"344",1.79769313486232e+308
"345",1.79769313486232e+308
"346",1.79769313486232e+308
"347",1.79769313486232e+308
"348",1.79769313486232e+308
"349",1.79769313486232e+308
"350",1.79769313486232e+308
"351",1.79769313486232e+308
"352",1.79769313486232e+308
"353",1.79769313486232e+308
"354",1.79769313486232e+308
"355",1.79769313486232e+308
"356",1.79769313486232e+308
"357",1.79769313486232e+308
"358",1.79769313486232e+308
"359",1.79769313486232e+308
"360",1.79769313486232e+308
"361",1.79769313486232e+308
"362",1.79769313486232e+308
"363",1.79769313486232e+308
"364",1.79769313486232e+308
"365",1.79769313486232e+308
"366",1.79769313486232e+308
"367",1.79769313486232e+308
"368",1.79769313486232e+308
"369",1.79769313486232e+308
"370",1.79769313486232e+308
"371",1.79769313486232e+308
"372",1.79769313486232e+308
"373",1.79769313486232e+308
"374",1.79769313486232e+308
"375",1.79769313486232e+308
"376",1.79769313486232e+308
"377",1.79769313486232e+308
"378",1.79769313486232e+308
"379",1.79769313486232e+308
"380",1.79769313486232e+308
"381",1.79769313486232e+308
"382",1.79769313486232e+308
"383",1.79769313486232e+308
"384",1.79769313486232e+308
"385",1.79769313486232e+308
"386",1.79769313486232e+308
"387",1.79769313486232e+308
"388",1.79769313486232e+308
"389",1.79769313486232e+308
"390",1.79769313486232e+308
"391",1.79769313486232e+308
"392",1.79769313486232e+308
"393",1.79769313486232e+308
"394",1.79769313486232e+308
"395",1.79769313486232e+308
"396",1.79769313486232e+308
"397",1.79769313486232e+308
"398",1.79769313486232e+308
"399",1.79769313486232e+308
"400",1.79769313486232e+308
"401",1.79769313486232e+308
"402",1.79769313486232e+308
"403",1.79769313486232e+308
"404",1.79769313486232e+308
"405",1.79769313486232e+308
"406",1.79769313486232e+308
"407",1.79769313486232e+308
"408",1.79769313486232e+308
"409",1.79769313486232e+308
"410",1.79769313486232e+308
"411",1.79769313486232e+308
"412",1.79769313486232e+308
"413",1.79769313486232e+308
"414",1.79769313486232e+308
"415",1.79769313486232e+308
"416",1.79769313486232e+308
"417",1.79769313486232e+308
"418",1.79769313486232e+308
"419",1.79769313486232e+308
"420",1.79769313486232e+308
"421",1.79769313486232e+308
"422",1.79769313486232e+308
"423",1.79769313486232e+308
"424",1.79769313486232e+308
"425",1.79769313486232e+308
"426",1.79769313486232e+308
"427",1.79769313486232e+308
"428",1.79769313486232e+308
"429",1.79769313486232e+308
"430",1.79769313486232e+308
"431",1.79769313486232e+308
"432",1.79769313486232e+308
"433",1.79769313486232e+308
"434",1.79769313486232e+308
"435",1.79769313486232e+308
"436",1.79769313486232e+308
"437",1.79769313486232e+308
"438",1.79769313486232e+308
"439",1.79769313486232e+308
"440",1.79769313486232e+308
"441",1.79769313486232e+308
"442",1.79769313486232e+308
"443",1.79769313486232e+308
"444",1.79769313486232e+308
"445",1.79769313486232e+308
"446",1.79769313486232e+308
"447",1.79769313486232e+308
"448",1.79769313486232e+308
"449",1.79769313486232e+308
"450",1.79769313486232e+308
"451",1.79769313486232e+308
"452",1.79769313486232e+308
"453",1.79769313486232e+308
"454",1.79769313486232e+308
"455",1.79769313486232e+308
"456",1.79769313486232e+308
"457",1.79769313486232e+308
"458",1.79769313486232e+308
"459",1.79769313486232e+308
"460",1.79769313486232e+308
"461",1.79769313486232e+308
"462",1.79769313486232e+308
"463",1.79769313486232e+308
"464",1.79769313486232e+308
"465",1.79769313486232e+308
"466",1.79769313486232e+308
"467",1.79769313486232e+308
"468",1.79769313486232e+308
"469",1.79769313486232e+308
"470",1.79769313486232e+308
"471",1.79769313486232e+308
"472",1.79769313486232e+308
"473",1.79769313486232e+308
"474",1.79769313486232e+308
"475",1.79769313486232e+308
"476",1.79769313486232e+308
"477",1.79769313486232e+308
"478",1.79769313486232e+308
"479",1.79769313486232e+308
"480",1.79769313486232e+308
"481",1.79769313486232e+308
"482",1.79769313486232e+308
"483",1.79769313486232e+308
"484",1.79769313486232e+308
"485",1.79769313486232e+308
"486",1.79769313486232e+308
"487",1.79769313486232e+308
"488",1.79769313486232e+308
"489",1.79769313486232e+308
"490",1.79769313486232e+308
"491",1.79769313486232e+308
"492",1.79769313486232e+308
"493",1.79769313486232e+308
"494",1.79769313486232e+308
"495",1.79769313486232e+308
"496",1.79769313486232e+308
"497",1.79769313486232e+308
"498",1.79769313486232e+308
"499",1.79769313486232e+308
"500",1.79769313486232e+308
"501",1.79769313486232e+308
"502",1.79769313486232e+308
"503",1.79769313486232e+308
"504",1.79769313486232e+308
"505",1.79769313486232e+308
"506",1.79769313486232e+308
"507",1.79769313486232e+308
"508",1.79769313486232e+308
"509",1.79769313486232e+308
"510",1.79769313486232e+308
"511",1.79769313486232e+308
"512",1.79769313486232e+308
"513",1.79769313486232e+308
"514",1.79769313486232e+308
"515",1.79769313486232e+308
"516",1.79769313486232e+308
"517",1.79769313486232e+308
"518",1.79769313486232e+308
"519",1.79769313486232e+308
"520",1.79769313486232e+308
"521",1.79769313486232e+308
"522",1.79769313486232e+308
"523",1.79769313486232e+308
"524",1.79769313486232e+308
"525",1.79769313486232e+308
"526",1.79769313486232e+308
"527",1.79769313486232e+308
"528",1.79769313486232e+308
"529",1.79769313486232e+308
"530",1.79769313486232e+308
"531",1.79769313486232e+308
"532",1.79769313486232e+308
"533",1.79769313486232e+308
"534",1.79769313486232e+308
"535",1.79769313486232e+308
"536",1.79769313486232e+308
"537",1.79769313486232e+308
"538",1.79769313486232e+308
"539",1.79769313486232e+308
"540",1.79769313486232e+308
"541",1.79769313486232e+308
"542",1.79769313486232e+308
"543",1.79769313486232e+308
"544",1.79769313486232e+308
"545",1.79769313486232e+308
"546",1.79769313486232e+308
"547",1.79769313486232e+308
"548",1.79769313486232e+308
"549",1.79769313486232e+308
"550",1.79769313486232e+308
"551",1.79769313486232e+308
"552",1.79769313486232e+308
"553",1.79769313486232e+308
"554",1.79769313486232e+308
"555",1.79769313486232e+308
"556",1.79769313486232e+308
"557",1.79769313486232e+308
"558",1.79769313486232e+308
"559",1.79769313486232e+308
"560",1.79769313486232e+308
"561",1.79769313486232e+308
"562",1.79769313486232e+308
"563",1.79769313486232e+308
"564",1.79769313486232e+308
"565",1.79769313486232e+308
"566",1.79769313486232e+308
"567",1.79769313486232e+308
"568",1.79769313486232e+308
"569",1.79769313486232e+308
"570",1.79769313486232e+308
"571",1.79769313486232e+308
"572",1.79769313486232e+308
"573",1.79769313486232e+308
"574",1.79769313486232e+308
"575",1.79769313486232e+308
"576",1.79769313486232e+308
"577",1.79769313486232e+308
"578",1.79769313486232e+308
"579",1.79769313486232e+308
"580",1.79769313486232e+308
"581",1.79769313486232e+308
"582",1.79769313486232e+308
"583",1.79769313486232e+308
"584",1.79769313486232e+308
"585",1.79769313486232e+308
"586",1.79769313486232e+308
"587",1.79769313486232e+308
"588",1.79769313486232e+308
"589",1.79769313486232e+308
"590",1.79769313486232e+308
"591",1.79769313486232e+308
"592",1.79769313486232e+308
"593",1.79769313486232e+308
"594",1.79769313486232e+308
"595",1.79769313486232e+308
"596",1.79769313486232e+308
"597",1.79769313486232e+308
"598",1.79769313486232e+308
"599",1.79769313486232e+308
"600",1.79769313486232e+308
"601",1.79769313486232e+308
"602",1.79769313486232e+308
"603",1.79769313486232e+308
"604",1.79769313486232e+308
"605",1.79769313486232e+308
"606",1.79769313486232e+308
"607",1.79769313486232e+308
"608",1.79769313486232e+308
"609",1.79769313486232e+308
"610",1.79769313486232e+308
"611",1.79769313486232e+308
"612",1.79769313486232e+308
"613",1.79769313486232e+308
"614",1.79769313486232e+308
"615",1.79769313486232e+308
"616",1.79769313486232e+308
"617",1.79769313486232e+308
"618",1.79769313486232e+308
"619",1.79769313486232e+308
"620",1.79769313486232e+308
"621",1.79769313486232e+308
"622",1.79769313486232e+308
"623",1.79769313486232e+308
"624",1.79769313486232e+308
"625",1.79769313486232e+308
"626",1.79769313486232e+308
"627",1.79769313486232e+308
"628",1.79769313486232e+308
"629",1.79769313486232e+308
"630",1.79769313486232e+308
"631",1.79769313486232e+308
"632",1.79769313486232e+308
"633",1.79769313486232e+308
"634",1.79769313486232e+308
"635",1.79769313486232e+308
"636",1.79769313486232e+308
"637",1.79769313486232e+308
"638",1.79769313486232e+308
"639",1.79769313486232e+308
"640",1.79769313486232e+308
"641",1.79769313486232e+308
"642",1.79769313486232e+308
"643",1.79769313486232e+308
"644",1.79769313486232e+308
"645",1.79769313486232e+308
"646",1.79769313486232e+308
"647",1.79769313486232e+308
"648",1.79769313486232e+308
"649",1.79769313486232e+308
"650",1.79769313486232e+308
"651",1.79769313486232e+308
"652",1.79769313486232e+308
"653",1.79769313486232e+308
"654",1.79769313486232e+308
"655",1.79769313486232e+308
"656",1.79769313486232e+308
"657",1.79769313486232e+308
"658",1.79769313486232e+308
"659",1.79769313486232e+308
"660",4088.71975582447
"661",1.79769313486232e+308
"662",1.79769313486232e+308
"663",1.79769313486232e+308
"664",1.79769313486232e+308
"665",1.79769313486232e+308
"666",1.79769313486232e+308
"667",1.79769313486232e+308
"668",1.79769313486232e+308
"669",1.79769313486232e+308
"670",1.79769313486232e+308
"671",1.79769313486232e+308
"672",1.79769313486232e+308
"673",1.79769313486232e+308
"674",1.79769313486232e+308
"675",1.79769313486232e+308
"676",1.79769313486232e+308
"677",1.79769313486232e+308
"678",1.79769313486232e+308
"679",1.79769313486232e+308
"680",1.79769313486232e+308
"681",1.79769313486232e+308
"682",1.79769313486232e+308
"683",1.79769313486232e+308
"684",1.79769313486232e+308
"685",1.79769313486232e+308
"686",1.79769313486232e+308
"687",1.79769313486232e+308
"688",1.79769313486232e+308
"689",1.79769313486232e+308
"690",1.79769313486232e+308
"691",1.79769313486232e+308
"692",1.79769313486232e+308
"693",1.79769313486232e+308
"694",1.79769313486232e+308
"695",1.79769313486232e+308
"696",1.79769313486232e+308
"697",1.79769313486232e+308
"698",1.79769313486232e+308
"699",1.79769313486232e+308
"700",1.79769313486232e+308
"701",1.79769313486232e+308
"702",1.79769313486232e+308
"703",1.79769313486232e+308
"704",1.79769313486232e+308
"705",1.79769313486232e+308
"706",1.79769313486232e+308
"707",4076.17186100623
"708",1.79769313486232e+308
"709",1.79769313486232e+308
"710",1.79769313486232e+308
"711",1.79769313486232e+308
"712",1.79769313486232e+308
"713",1.79769313486232e+308
"714",4107.62263333556
"715",1.79769313486232e+308
"716",1.79769313486232e+308
"717",1.79769313486232e+308
"718",1.79769313486232e+308
"719",1.79769313486232e+308
"720",1.79769313486232e+308
"721",1.79769313486232e+308
"722",1.79769313486232e+308
"723",1.79769313486232e+308
"724",1.79769313486232e+308
"725",1.79769313486232e+308
"726",1.79769313486232e+308
"727",1.79769313486232e+308
"728",1.79769313486232e+308
"729",1.79769313486232e+308
"730",1.79769313486232e+308
"731",1.79769313486232e+308
"732",1.79769313486232e+308
"733",1.79769313486232e+308
"734",1.79769313486232e+308
"735",1.79769313486232e+308
"736",1.79769313486232e+308
"737",1.79769313486232e+308
"738",1.79769313486232e+308
"739",1.79769313486232e+308
"740",1.79769313486232e+308
"741",1.79769313486232e+308
"742",1.79769313486232e+308
"743",1.79769313486232e+308
"744",1.79769313486232e+308
"745",1.79769313486232e+308
"746",1.79769313486232e+308
"747",1.79769313486232e+308
"748",1.79769313486232e+308
"749",1.79769313486232e+308
"750",1.79769313486232e+308
"751",1.79769313486232e+308
"752",1.79769313486232e+308
"753",1.79769313486232e+308
"754",1.79769313486232e+308
"755",1.79769313486232e+308
"756",1.79769313486232e+308
"757",1.79769313486232e+308
"758",1.79769313486232e+308
"759",1.79769313486232e+308
"760",1.79769313486232e+308
"761",1.79769313486232e+308
"762",1.79769313486232e+308
"763",1.79769313486232e+308
"764",1.79769313486232e+308
"765",1.79769313486232e+308
"766",1.79769313486232e+308
"767",1.79769313486232e+308
"768",1.79769313486232e+308
"769",1.79769313486232e+308
"770",1.79769313486232e+308
"771",1.79769313486232e+308
"772",1.79769313486232e+308
"773",1.79769313486232e+308
"774",1.79769313486232e+308
"775",1.79769313486232e+308
"776",1.79769313486232e+308
"777",1.79769313486232e+308
"778",1.79769313486232e+308
"779",1.79769313486232e+308
"780",1.79769313486232e+308
"781",1.79769313486232e+308
"782",1.79769313486232e+308
"783",1.79769313486232e+308
"784",1.79769313486232e+308
"785",1.79769313486232e+308
"786",1.79769313486232e+308
"787",1.79769313486232e+308
"788",1.79769313486232e+308
"789",1.79769313486232e+308
"790",1.79769313486232e+308
"791",1.79769313486232e+308
"792",1.79769313486232e+308
"793",1.79769313486232e+308
"794",1.79769313486232e+308
"795",1.79769313486232e+308
"796",1.79769313486232e+308
"797",1.79769313486232e+308
"798",1.79769313486232e+308
"799",1.79769313486232e+308
"800",1.79769313486232e+308
"801",1.79769313486232e+308
"802",1.79769313486232e+308
"803",1.79769313486232e+308
"804",1.79769313486232e+308
"805",1.79769313486232e+308
"806",1.79769313486232e+308
"807",1.79769313486232e+308
"808",1.79769313486232e+308
"809",1.79769313486232e+308
"810",1.79769313486232e+308
"811",1.79769313486232e+308
"812",1.79769313486232e+308
"813",1.79769313486232e+308
"814",1.79769313486232e+308
"815",1.79769313486232e+308
"816",1.79769313486232e+308
"817",1.79769313486232e+308
"818",1.79769313486232e+308
"819",1.79769313486232e+308
"820",1.79769313486232e+308
"821",1.79769313486232e+308
"822",1.79769313486232e+308
"823",1.79769313486232e+308
"824",1.79769313486232e+308
"825",1.79769313486232e+308
"826",1.79769313486232e+308
"827",1.79769313486232e+308
"828",1.79769313486232e+308
"829",1.79769313486232e+308
"830",1.79769313486232e+308
"831",1.79769313486232e+308
"832",1.79769313486232e+308
"833",1.79769313486232e+308
"834",1.79769313486232e+308
"835",1.79769313486232e+308
"836",1.79769313486232e+308
"837",1.79769313486232e+308
"838",1.79769313486232e+308
"839",1.79769313486232e+308
"840",1.79769313486232e+308
"841",1.79769313486232e+308
"842",1.79769313486232e+308
"843",1.79769313486232e+308
"844",1.79769313486232e+308
"845",1.79769313486232e+308
"846",1.79769313486232e+308
"847",1.79769313486232e+308
"848",1.79769313486232e+308
"849",1.79769313486232e+308
"850",1.79769313486232e+308
"851",1.79769313486232e+308
"852",1.79769313486232e+308
"853",1.79769313486232e+308
"854",1.79769313486232e+308
"855",1.79769313486232e+308
"856",1.79769313486232e+308
"857",1.79769313486232e+308
"858",1.79769313486232e+308
"859",1.79769313486232e+308
"860",1.79769313486232e+308
"861",1.79769313486232e+308
"862",1.79769313486232e+308
"863",1.79769313486232e+308
"864",1.79769313486232e+308
"865",1.79769313486232e+308
"866",1.79769313486232e+308
"867",1.79769313486232e+308
"868",1.79769313486232e+308
"869",1.79769313486232e+308
"870",1.79769313486232e+308
"871",1.79769313486232e+308
"872",1.79769313486232e+308
"873",1.79769313486232e+308
"874",1.79769313486232e+308
"875",1.79769313486232e+308
"876",1.79769313486232e+308
"877",1.79769313486232e+308
"878",1.79769313486232e+308
"879",1.79769313486232e+308
"880",1.79769313486232e+308
"881",1.79769313486232e+308
"882",1.79769313486232e+308
"883",1.79769313486232e+308
"884",1.79769313486232e+308
"885",1.79769313486232e+308
"886",1.79769313486232e+308
"887",1.79769313486232e+308
"888",1.79769313486232e+308
"889",1.79769313486232e+308
"890",1.79769313486232e+308
"891",1.79769313486232e+308
"892",1.79769313486232e+308
"893",1.79769313486232e+308
"894",1.79769313486232e+308
"895",1.79769313486232e+308
"896",1.79769313486232e+308
"897",1.79769313486232e+308
"898",1.79769313486232e+308
"899",1.79769313486232e+308
"900",1.79769313486232e+308
"901",1.79769313486232e+308
"902",1.79769313486232e+308
"903",1.79769313486232e+308
"904",1.79769313486232e+308
"905",1.79769313486232e+308
"906",1.79769313486232e+308
"907",1.79769313486232e+308
"908",1.79769313486232e+308
"909",1.79769313486232e+308
"910",1.79769313486232e+308
"911",1.79769313486232e+308
"912",1.79769313486232e+308
"913",1.79769313486232e+308
"914",1.79769313486232e+308
"915",1.79769313486232e+308
"916",1.79769313486232e+308
"917",1.79769313486232e+308
"918",1.79769313486232e+308
"919",1.79769313486232e+308
"920",1.79769313486232e+308
"921",1.79769313486232e+308
"922",1.79769313486232e+308
"923",1.79769313486232e+308
"924",1.79769313486232e+308
"925",1.79769313486232e+308
"926",1.79769313486232e+308
"927",1.79769313486232e+308
"928",1.79769313486232e+308
"929",1.79769313486232e+308
"930",1.79769313486232e+308
"931",1.79769313486232e+308
"932",1.79769313486232e+308
"933",1.79769313486232e+308
"934",1.79769313486232e+308
"935",1.79769313486232e+308
"936",1.79769313486232e+308
"937",1.79769313486232e+308
"938",1.79769313486232e+308
"939",1.79769313486232e+308
"940",1.79769313486232e+308
"941",1.79769313486232e+308
"942",1.79769313486232e+308
"943",1.79769313486232e+308
"944",1.79769313486232e+308
"945",1.79769313486232e+308
"946",1.79769313486232e+308
"947",1.79769313486232e+308
"948",1.79769313486232e+308
"949",1.79769313486232e+308
"950",1.79769313486232e+308
"951",1.79769313486232e+308
"952",1.79769313486232e+308
"953",1.79769313486232e+308
"954",1.79769313486232e+308
"955",1.79769313486232e+308
"956",1.79769313486232e+308
"957",1.79769313486232e+308
"958",1.79769313486232e+308
"959",1.79769313486232e+308
"960",1.79769313486232e+308
"961",1.79769313486232e+308
"962",1.79769313486232e+308
"963",1.79769313486232e+308
"964",1.79769313486232e+308
"965",1.79769313486232e+308
"966",1.79769313486232e+308
"967",1.79769313486232e+308
"968",1.79769313486232e+308
"969",1.79769313486232e+308
"970",1.79769313486232e+308
"971",1.79769313486232e+308
"972",1.79769313486232e+308
"973",1.79769313486232e+308
"974",1.79769313486232e+308
"975",1.79769313486232e+308
"976",1.79769313486232e+308
"977",1.79769313486232e+308
"978",1.79769313486232e+308
"979",1.79769313486232e+308
"980",1.79769313486232e+308
"981",1.79769313486232e+308
"982",1.79769313486232e+308
"983",1.79769313486232e+308
"984",1.79769313486232e+308
"985",1.79769313486232e+308
"986",1.79769313486232e+308
"987",1.79769313486232e+308
"988",1.79769313486232e+308
"989",1.79769313486232e+308
"990",1.79769313486232e+308
"991",1.79769313486232e+308
"992",1.79769313486232e+308
"993",1.79769313486232e+308
"994",1.79769313486232e+308
"995",1.79769313486232e+308
"996",1.79769313486232e+308
"997",1.79769313486232e+308
"998",1.79769313486232e+308
"999",1.79769313486232e+308
"1000",1.79769313486232e+308
"1001",4125.92576828029
"1002",4165.29381886968
"1003",4292.60680513556
"1004",4473.91349759801
"1005",4077.53470576155
"1006",4074.12295952368
"1007",4075.23547022403
"1008",4079.62844924395
"1009",4344.95552266734
"1010",4326.21554559249
"1011",4278.37482866335
"1012",4241.19348783464
"1013",4179.31180631194
"1014",4284.91412941309
"1015",4300.79621830237
"1016",4306.2680329462
"1017",4258.72028493273
"1018",4321.94470867908
"1019",4354.50334012901
"1020",4397.03550159342
"1021",4109.16473534422
"1022",4084.95852403875
"1023",4100.94879667971
"1024",4079.66756107942
"1025",4067.80938337885
"1026",4096.07908841727
"1027",4099.3731562558
"1028",4101.69039217419
"1029",4094.67562987404
"1030",4069.88789964933
"1031",4066.21268020234
"1032",4079.97375276442
"1033",4075.25463367207
"1034",4092.58795997095
"1035",4130.87075439355
"1036",4155.96517687296
"1037",4135.54687263838
"1038",4088.92806770418
"1039",4083.31828568383
"1040",4115.49248711868
"1041",4078.66659939812
"1042",4089.79545596835
"1043",4094.74416925981
"1044",4165.2684459704
"1045",4104.85975342996
"1046",4166.88547490105
"1047",4160.68586036326
"1048",4166.39833590029
"1049",4091.89006507632
"1050",4167.91088708029
"1051",4152.32256254774
"1052",4101.60432687274
"1053",4076.44837006595
"1054",4102.31154710235
"1055",4116.12783543098
"1056",4130.23256745268
"1057",4070.29200859734
"1058",4075.31261306056
"1059",4087.04448503659
"1060",4079.42434319295
"1061",4119.14691227257
"1062",4147.48855662944
"1063",4176.60139566374
"1064",4124.74076198632
"1065",4200.77337407896
"1066",4159.3878004689
"1067",4127.88016044004
"1068",4120.68487041359
"1069",4080.43941099188
"1070",4065.65810964284
"1071",4110.70560921006
"1072",4118.70452629654
"1073",4112.15722557582
"1074",4073.85136819012
"1075",4078.24999133056
"1076",4072.39465241862
"1077",1.79769313486232e+308
"1078",4106.84401135345
"1079",4082.20323656574
"1080",4071.70650535964
"1081",4092.61484791194
"1082",4084.45440122923
"1083",4071.8011013774
"1084",4077.68740153771
"1085",4076.03724397934
"1086",4076.0948293516
"1087",4073.34992576404
"1088",4073.53120878127
"1089",4071.55838363089
"1090",4073.41966245166
"1091",4072.40916495087
"1092",4083.15346268286
"1093",4101.08556601203
"1094",4071.13152690838
"1095",4080.91522995392
"1096",4074.872592304
"1097",4068.96565956716
"1098",4072.0784370639
"1099",4070.68479427474
"1100",4069.66118494998
"1101",4164.53217666241
"1102",4240.26087939047
"1103",4230.78441610265
"1104",4204.15126057918
"1105",4234.99399196134
"1106",4283.40317527445
"1107",4322.72361897914
"1108",4227.2111747174
"1109",4084.18442970799
"1110",4092.62273091537
"1111",4080.86701245805
"1112",4069.23837920658
"1113",4281.26328621505
"1114",4323.68003247737
"1115",4288.81146566339
"1116",4314.68825063912
"1117",4136.70572308599
"1118",4111.69386009046
"1119",4124.69808959919
"1120",4121.98450950921
"1121",4067.80019964427
"1122",4067.918248172
"1123",4070.8870654142
"1124",4064.80139916925
"1125",4158.52393415099
"1126",4118.27597461089
"1127",4151.37611621584
"1128",4161.25129152184
"1129",4089.61380853839
"1130",4075.42155744743
"1131",4074.08338261205
"1132",4088.4787314396
"1133",4079.12497557992
"1134",4089.7426239891
"1135",4079.07556623114
"1136",4092.8606984751
"1137",4069.24875024893
"1138",4065.71057879422
"1139",4067.93148221019
"1140",4163.37512855417
"1141",4233.51003292145
"1142",4158.89454207191
"1143",4185.02862936151
"1144",4242.54442270808
"1145",4069.97276393144
"1146",4074.07664935189
"1147",4077.14432772586
"1148",4077.88601477363
"1149",4070.06069594232
"1150",4095.72992296862
"1151",4076.76598164594
"1152",4121.24996101129
"1153",4123.59976732811
"1154",4105.48740422393
"1155",4094.38554581662
"1156",4138.71979109967
"1157",4085.67837402764
"1158",4107.33218104553
"1159",4096.17151108589
"1160",4081.59584398525
"1161",4068.74960278922
"1162",4077.10695073103
"1163",4078.63144298702
"1164",4069.5690301489
"1165",4082.55061150512
"1166",4079.36157453056
"1167",4072.36117061346
"1168",4069.42076904483
"1169",4109.35246236053
"1170",4119.06529320047
"1171",4115.47601137077
"1172",4086.73445096124
"1173",4108.55685516382
"1174",4091.3603816284
"1175",4091.2098750234
"1176",4123.67051186275
"1177",4074.22435983225
"1178",4077.16152029097
"1179",4077.39890433236
"1180",4086.69795597855
"1181",4183.64337649084
"1182",4180.15603552368
"1183",4146.72205004465
"1184",4179.19431166017
"1185",4102.37571184184
"1186",4094.10449994214
"1187",4085.21953766594
"1188",4073.42863101401
"1189",4125.01925545734
"1190",4165.2712335274
"1191",4125.38091064178
"1192",4107.54418919586
"1193",4121.89028228785
"1194",4131.55180533989
"1195",4113.47344170023
"1196",4086.45088011365
"1197",4161.440422001
"1198",4132.26101903072
"1199",4094.74248478598
"1200",4104.76934999958
